key,english,draft_vietnamese,your_vietnamese
meta.title,Recipes · Fonder,Công thức · Fonder,Công thức · Fonder
meta.description,"What a Fonder recipe is — a film character plus darkroom decisions — every setting isolated on one frame, one scene through every film, and the full shipped catalogue.","Công thức của Fonder là gì — một chất phim cùng những quyết định phòng tối — từng thiết lập được tách riêng trên một khung hình, một khung cảnh qua mọi màu phim, và toàn bộ danh mục có trong ứng dụng.","Một công thức Fonder gồm cá tính của màu phim và những lựa chọn khi tráng ảnh — từng thiết lập được tách riêng trên cùng một khung hình, cùng một cảnh đi qua mọi màu phim, và toàn bộ công thức có trong ứng dụng."
meta.og_description,"A film character plus the darkroom decisions around it: every recipe Fonder ships, taken apart on one frame.","Một chất phim cùng những quyết định phòng tối quanh nó: mọi công thức Fonder mang theo, được tháo rời trên một khung hình.","Cá tính của màu phim, cộng với những lựa chọn khi tráng ảnh: mọi công thức có trong Fonder, được tách riêng để so sánh trên cùng một khung hình."
nav.home,Home,Trang chủ,Trang chủ
nav.recipes,Recipes,Công thức,Công thức
nav.diary,Diary,Nhật ký,Nhật ký
footer.line,Made in Hà Nội by Trung Hai. Every picture on this page is rendered through Fonder. The recipe samples are illustrations; the rest are the owner's own frames.,Được Trung Hai tạo nên tại Hà Nội. Mọi bức ảnh trên trang này đều được xử lý bằng Fonder. Ảnh mẫu của các công thức chỉ mang tính minh họa; những ảnh còn lại do chính tác giả chụp.,Được Trung Hai tạo nên tại Hà Nội. Mọi bức ảnh trên trang này đều được xử lý bằng Fonder. Ảnh mẫu của các công thức chỉ mang tính minh họa; những ảnh còn lại do chính tác giả chụp.
consent.text,This site uses Google Analytics to count visits. OK?,Trang này dùng Google Analytics để đếm lượt truy cập. Đồng ý?,Trang này dùng Google Analytics để đếm lượt truy cập. Đồng ý?
consent.ok,OK,Đồng ý,Đồng ý
consent.no,No thanks,Không,Không
hero.kicker,Fonder · Recipes,Fonder · Công thức,Fonder · Công thức
hero.title,What a recipe is,Công thức là gì,Một công thức là gì
hero.lead,"A recipe is a film character and the darkroom decisions around it: where white sits, how hard the highlights climb, how much dye goes down, what texture the negative wears. One shutter press, developed two ways — drag the line.","Một công thức là một chất phim cùng những quyết định phòng tối quanh nó: điểm trắng nằm ở đâu, vùng sáng leo cao đến mức nào, màu được tráng xuống đậm bao nhiêu, tấm âm bản mang chất hạt ra sao. Một lần bấm máy, tráng theo hai cách — hãy kéo vạch so sánh.","Một công thức là cá tính của màu phim cộng với những lựa chọn khi tráng ảnh: điểm trắng ở đâu, vùng sáng đi tới mức nào, màu đậm ra sao và hạt phim hiện lên thế nào. Cùng một lần bấm máy, tráng theo hai cách — kéo vạch để so sánh."
hero.note,Both halves are the same phone capture. The right one went through a Fonder recipe — nothing here is a screen filter laid over a picture.,Hai nửa là cùng một tấm ảnh chụp từ điện thoại. Nửa bên phải đã đi qua một công thức của Fonder — không có gì ở đây là bộ lọc phủ lên ảnh.,Hai nửa đều đến từ cùng một lần chụp trên điện thoại. Nửa bên phải được tráng bằng một công thức Fonder — không phải chỉ phủ thêm một lớp filter lên ảnh.
hero.tag_before,Straight off the phone,Ảnh gốc từ điện thoại,Ảnh gốc từ điện thoại
hero.slider_label,Drag to compare the plain capture with the developed frame,Kéo để so sánh ảnh gốc với khung hình đã tráng,Kéo để so sánh ảnh gốc với khung hình đã tráng
hero.alt,"The same city frame twice: the plain capture, and the Toffee Neg develop of it","Cùng một khung hình phố hai lần: ảnh gốc, và bản tráng Toffee Neg của nó","Cùng một khung hình phố hai lần: ảnh gốc, và bản tráng Toffee Neg của nó"
find.kicker,Find your film,Tìm màu phim của bạn,Tìm màu phim của bạn
find.title,One camera. Many ways to remember it.,Một chiếc máy ảnh. Nhiều cách để ghi nhớ.,Một chiếc máy ảnh. Nhiều cách để nhớ về cùng một khoảnh khắc.
find.lead1,"Warm afternoons. Grey mornings. Harsh flash. Neon after midnight. Fonder films are built for moments, not test charts. Each one has its own colour, contrast, grain and character — so instead of fixing the photo afterward, you choose how you want the moment to feel before you press the shutter.","Những buổi chiều ấm áp. Những sáng trời xám. Đèn flash gắt. Neon sau nửa đêm. Màu phim của Fonder được làm cho những khoảnh khắc, không phải cho bảng đo màu. Mỗi màu phim có sắc màu, độ tương phản, hạt và cá tính riêng — nên thay vì sửa ảnh sau khi chụp, bạn chọn trước cảm giác mình muốn cho khoảnh khắc ấy, rồi mới bấm máy.","Những buổi chiều ấm. Những sáng trời xám. Flash gắt. Neon sau nửa đêm. Màu phim của Fonder được làm cho những khoảnh khắc, không phải cho bảng test. Mỗi màu có sắc độ, tương phản, hạt phim và cá tính riêng — để thay vì sửa ảnh sau đó, bạn chọn trước mình muốn khoảnh khắc ấy mang cảm giác gì rồi mới bấm máy."
find.lead2,Pick a film. Go somewhere. See what happens.,Chọn một màu phim. Đi đâu đó. Xem điều gì xảy ra.,Chọn một màu phim. Đi đâu đó. Xem điều gì xảy ra.
anatomy.kicker,Anatomy,Giải phẫu,Giải phẫu
anatomy.title,What a recipe is made of,Một công thức gồm những gì,Một công thức được tạo nên từ những gì
anatomy.lead,"Every dial the recipe builder has, isolated on one frame — 1998 Neg, one of the shipped recipes, taken apart. Each pair below is a real render through Fonder's engine: the recipe's film alone on the left of the line, and on the right the film with exactly one of 1998 Neg's own settings applied. Nothing is simulated for the page.","Mọi nút chỉnh của trình tạo công thức, tách riêng trên một khung hình — 1998 Neg, một công thức có sẵn, được tháo rời. Mỗi cặp ảnh dưới đây là kết quả dựng thật qua chính bộ máy của Fonder: bên trái vạch là riêng chất phim của công thức, bên phải là chất phim ấy với đúng một thiết lập của 1998 Neg được áp lên. Không có gì được dựng giả cho trang này.","Từng nút chỉnh trong trình tạo công thức được tách riêng trên cùng một khung hình, lấy 1998 Neg làm ví dụ. Mỗi cặp ảnh bên dưới đều được xử lý thật bằng Fonder: bên trái là màu phim gốc, bên phải là cùng màu phim đó với đúng một thiết lập của 1998 Neg được bật lên. Không có hiệu ứng nào được làm riêng chỉ để minh họa cho trang này."
anatomy.note,"Borders and date stamps are camera controls, set per shot — they are not part of a recipe, so they have no card here.","Viền ảnh và dấu ngày là điều khiển của máy ảnh, đặt theo từng tấm — chúng không thuộc về công thức, nên không có thẻ ở đây.","Viền ảnh và dấu ngày là điều khiển của máy ảnh, đặt theo từng tấm — chúng không thuộc về công thức, nên không có thẻ ở đây."
compare.label_before_default,No recipe,Không công thức,Không công thức
compare.label_after_default,Recipe,Công thức,Công thức
compare.alt_template,{title}: before and after on the same frame,{title}: trước và sau trên cùng một khung hình,{title}: trước và sau trên cùng một khung hình
set.film.title,Film character,Chất phim,Cá tính màu phim
set.film.body,"The stock everything else stands on: how each hue answers — what reds turn into, how skies and foliage lean, where the shadows fall. Afterglow Neg, the film 1998 Neg is built on, against the plain capture.","Nền tảng mà mọi thứ khác đứng trên: từng sắc màu phản ứng ra sao — đỏ biến thành gì, bầu trời và cây lá nghiêng về đâu, bóng tối rơi xuống thế nào. Afterglow Neg, chất phim mà 1998 Neg được xây trên, đặt cạnh ảnh gốc.","Nền tảng của mọi thiết lập phía sau: đỏ sẽ ngả về đâu, trời và cây lá đổi theo hướng nào, vùng tối sâu tới mức nào. Afterglow Neg — màu phim nền của 1998 Neg — được đặt cạnh ảnh gốc để dễ so sánh."
set.film.label_a,No film,Không phim,Không phim
set.wb.title,White balance,Cân bằng trắng,Cân bằng trắng
set.wb.body,"Where white sits. A recipe can trust the camera, fix a kelvin, or shift the whole frame along red and blue — 1998 Neg trusts the camera and leans it toward yellow-green, R−2 B−4.","Điểm trắng nằm ở đâu. Một công thức có thể tin vào máy, cố định một mức kelvin, hoặc dịch cả khung hình theo trục đỏ–xanh — 1998 Neg tin vào máy và nghiêng nó về phía vàng-lục, R−2 B−4.","Điểm trắng nằm ở đâu. Một công thức có thể tin vào máy, cố định một mức kelvin, hoặc dịch cả khung hình theo trục đỏ–xanh — 1998 Neg tin vào máy và nghiêng nó về phía vàng-lục, R−2 B−4."
set.wb.label_a,As metered,Theo máy đo,Theo máy đo
set.highlight.title,Highlight tone,Tông vùng sáng,Tông vùng sáng
set.highlight.body,"How hard the brightest parts climb. 1998 Neg pushes its top up a step and a half — the bright, forward top of a snapshot print — where a pulled-down top would roll off gently instead.","Vùng sáng nhất leo cao đến mức nào. 1998 Neg đẩy phần đỉnh lên một bậc rưỡi — cái đỉnh sáng, dấn tới của một tấm ảnh in chụp nhanh — trong khi nếu kéo xuống, nó sẽ đổ dịu dần.",Cách vùng sáng nhất được giữ lại. 1998 Neg nâng phần sáng thêm một bậc rưỡi để ảnh sáng và có cảm giác như một tấm snapshot in ra; kéo xuống thì vùng sáng sẽ mềm và dịu hơn.
set.shadow.title,Shadow tone,Tông vùng tối,Tông vùng tối
set.shadow.body,"How deep the darks sit. Pushed up, shadows fall to black sooner and the frame gains weight — 1998 Neg takes them all the way to +3.","Vùng tối nằm sâu đến đâu. Đẩy lên, bóng tối rơi về đen sớm hơn và khung hình thêm sức nặng — 1998 Neg đưa hẳn lên +3.",Độ sâu của vùng tối. Đẩy lên khiến bóng tối chạm đen sớm hơn và bức ảnh có thêm sức nặng — 1998 Neg dùng mức +3.
set.colour.title,Colour density,Độ đậm màu,Độ đậm màu
set.colour.body,"How much of each colour the film lays down — 1998 Neg feeds the whole palette more dye, all the way up.","Mỗi màu được phim tráng xuống đậm bao nhiêu — 1998 Neg cho cả bảng màu thêm thuốc nhuộm, đẩy lên hết mức.",Độ đậm của màu. 1998 Neg tăng màu trên toàn khung hình lên mức tối đa.
set.chrome.title,Colour Chrome,Colour Chrome,Colour Chrome
set.chrome.body,Depth in the strongest colours: saturated reds and blues gain density and shading instead of blowing flat. 1998 Neg carries the strong grade.,Chiều sâu ở những màu mạnh nhất: đỏ và xanh bão hòa có thêm độ đậm và sắc độ thay vì bệt phẳng. 1998 Neg mang mức mạnh.,Tăng chiều sâu cho những màu mạnh nhất. Đỏ và xanh bão hòa giữ được độ đậm và sắc thay vì bệt phẳng. 1998 Neg dùng mức Mạnh.
set.chrome.label_a,Off,Tắt,Tắt
set.chrome.label_b,Strong,Mạnh,Mạnh
set.dr.title,Dynamic range,Dải tương phản,Dải tương phản
set.dr.body,"The headroom kept for the highlights. At 1998 Neg's DR200 an extra stop of the brightest tones is held and rolled back down, the way a negative holds a bright sky.","Khoảng dư giữ cho vùng sáng. Ở mức DR200 của 1998 Neg, thêm một khẩu của những tông sáng nhất được giữ lại rồi hạ xuống, như cách một tấm âm bản giữ bầu trời chói.","Khoảng dư dành cho vùng sáng. Ở DR200, 1998 Neg giữ lại thêm một stop ở vùng sáng nhất rồi nén xuống, gần với cách âm bản giữ chi tiết trên một bầu trời rất sáng."
set.exposure.title,Exposure,Phơi sáng,Phơi sáng
set.exposure.body,"A recipe can build in an exposure drop or lift, in thirds of a stop, under whatever you dial at the shutter. 1998 Neg builds in none, so this pair shows a demonstrative −2/3.","Một công thức có thể cài sẵn mức giảm hoặc tăng phơi sáng, theo từng phần ba khẩu, bên dưới mức bạn chỉnh khi chụp. 1998 Neg không cài sẵn gì, nên cặp ảnh này minh họa mức −2/3.","Một công thức có thể cài sẵn mức tăng hoặc giảm phơi sáng theo từng 1/3 stop, cộng thêm vào mức bạn chỉnh khi chụp. 1998 Neg không cài bù sáng sẵn, nên cặp ảnh này dùng −2/3 chỉ để minh họa."
set.clarity.title,Clarity,Độ trong,Độ trong
set.clarity.body,"Local contrast. Taken away, edges and textures soften into a bloom the way an old uncoated lens draws — 1998 Neg eases it three steps.","Tương phản cục bộ. Khi lấy bớt đi, đường nét và bề mặt mềm lại thành một quầng dịu, như nét vẽ của một ống kính cũ không tráng phủ — 1998 Neg hạ ba bậc.","Độ tương phản ở các chi tiết nhỏ. Giảm xuống sẽ làm đường nét và bề mặt dịu hơn, cho cảm giác hơi bloom như ống kính cũ. 1998 Neg giảm ba bậc."
set.sharpness.title,Sharpness,Độ nét,Độ nét
set.sharpness.body,"Fine detail at the pixel level. 1998 Neg eases it two steps for a gentler negative, where a raised step would make brickwork bite.","Chi tiết mảnh ở mức điểm ảnh. 1998 Neg hạ hai bậc cho một tấm âm bản dịu hơn, trong khi nâng lên một bậc sẽ làm mạch gạch sắc cứng lại.",Độ sắc ở các chi tiết nhỏ. 1998 Neg giảm hai bậc để ảnh dịu hơn; tăng lên sẽ khiến những chi tiết như mạch gạch rõ và gắt hơn.
set.grain.title,Grain,Hạt phim,Hạt phim
set.grain.body,"The texture of the stock. 1998 Neg wears a light, fine grain — 25, small — that sits in the picture, not on it; watch it hold to the sky.","Chất hạt của phim. 1998 Neg mang lớp hạt nhẹ, mịn — 25, nhỏ — nằm trong bức ảnh chứ không phủ lên nó; hãy nhìn cách hạt bám vào bầu trời.","Kết cấu hạt phim. 1998 Neg dùng hạt nhẹ và mịn — 25, small — đủ để hòa vào ảnh thay vì nổi trên bề mặt. Dễ thấy nhất ở vùng trời."
set.grain.label_a,Off,Tắt,Tắt
set.grain.label_b,25 · small,25 · nhỏ,25 · nhỏ
set.halation.title,Halation,Quầng sáng,Quầng sáng
set.halation.body,"The red-orange glow film blooms around its brightest edges — sun on a facade, a bare bulb, light bounced back through the emulsion. 1998 Neg keeps it quiet, at 10.","Quầng đỏ cam mà phim nở ra quanh những mép sáng nhất — nắng trên mặt tiền, một bóng đèn trần, ánh sáng dội ngược qua lớp nhũ tương. 1998 Neg giữ nó ở mức khẽ, 10.","Quầng đỏ cam nở quanh những vùng sáng nhất — nắng trên mặt tiền, bóng đèn trần hay ánh sáng phản lại qua lớp nhũ tương. 1998 Neg giữ hiệu ứng này khá nhẹ, ở mức 10."
set.halation.label_a,Off,Tắt,Tắt
set.vignette.title,Vignette,Tối góc,Tối góc
set.vignette.body,"The frame's edges eased down, pulling the eye to the middle the way a fast lens wide open does — a gentle 10 here.","Mép khung hình được hạ nhẹ, kéo ánh nhìn vào giữa như một ống kính khẩu lớn mở hết cỡ — ở đây là mức 10 dịu.","Mép ảnh tối nhẹ để kéo mắt về giữa, giống cảm giác của một ống kính mở khẩu lớn. Ở đây là mức 10, rất nhẹ."
set.vignette.label_a,Off,Tắt,Tắt
text.starburst.title,Starburst,Tia sao (starburst),Tia sao (starburst)
text.starburst.body,"Points of light drawn into stars, the way a stopped-down aperture flares a street lamp. It needs true points of light, so it shows at night rather than on this daylight scene.","Những điểm sáng được kéo thành hình sao, như cách khẩu độ khép nhỏ làm lóa một ngọn đèn đường. Nó cần những điểm sáng thật, nên hiện rõ về đêm thay vì trên khung cảnh ban ngày này.","Các điểm sáng kéo thành hình sao, giống khi khép khẩu trên ống kính. Hiệu ứng này cần những nguồn sáng rõ nên sẽ thấy đẹp nhất vào ban đêm, không phải trong cảnh ban ngày này."
text.starburst.foot,"no picture — it needs lamps, not noon","không có ảnh — nó cần đèn, không phải giữa trưa","không có ảnh — nó cần đèn, không phải giữa trưa"
text.protect-skin.title,Protect skin,Bảo vệ màu da,Bảo vệ màu da
text.protect-skin.body,"Holds faces back from the film's strongest colour moves, so a bold palette does not walk over skin. It needs a face in frame to show itself.","Giữ gương mặt tránh khỏi những cú chuyển màu mạnh nhất của phim, để một bảng màu táo bạo không giẫm lên màu da. Nó cần một gương mặt trong khung hình để tự thể hiện.","Giảm bớt những thay đổi màu mạnh nhất trên khuôn mặt để màu da vẫn tự nhiên, ngay cả khi màu phim khá đậm. Hiệu ứng chỉ xuất hiện khi trong khung hình có người."
text.protect-skin.foot,"no picture — it needs a face, and this scene has none","không có ảnh — nó cần một gương mặt, mà khung cảnh này không có","không có ảnh — nó cần một gương mặt, mà khung cảnh này không có"
text.film-dials.title,"Film dials — Drift, Bleed, Compress","Ba nút chỉnh của phim — Drift, Bleed, Compress","Ba nút chỉnh của phim — Drift, Bleed, Compress"
text.film-dials.body,"Three dials on the film itself: Drift leans the whole character further its own way or back toward neutral, Bleed lets neighbouring colours cross-talk like dye layers do, and Compress fades the deepest shadows the way a print lifts them.","Ba nút chỉnh ngay trên chất phim: Drift nghiêng cả cá tính phim thêm về hướng riêng của nó hoặc lùi về trung tính, Bleed cho các màu kề nhau lan sang nhau như các lớp thuốc nhuộm, còn Compress làm nhạt những vùng tối sâu nhất như cách một tấm ảnh in nâng chúng lên.","Ba nút chỉnh tác động trực tiếp lên cá tính màu phim: Drift đẩy màu phim xa hơn theo hướng riêng của nó hoặc kéo về trung tính; Bleed để các màu lân cận hòa vào nhau nhẹ hơn; Compress nâng những vùng tối sâu, gần với cảm giác của một tấm ảnh in."
text.film-dials.foot,three dials on the film itself,ba nút chỉnh ngay trên chất phim,ba nút chỉnh trực tiếp trên màu phim
scene.kicker,"One scene, every film","Một khung cảnh, mọi màu phim","Một khung cảnh, mọi màu phim"
scene.title,The scene stays put. The film changes.,Khung cảnh đứng yên. Màu phim thay đổi.,Khung cảnh đứng yên. Màu phim thay đổi.
scene.lead,"One shutter press, developed through {n} different looks. Pick one — the two marked built in Fonder are custom recipes made with the recipe builder below, proof the dials above are yours too.","Một lần bấm máy, tráng qua {n} phong cách khác nhau. Chọn một — hai mục được đánh dấu tạo trong Fonder là công thức tự tạo bằng trình tạo công thức bên dưới, bằng chứng rằng những nút chỉnh phía trên cũng là của bạn.","Một lần bấm máy, tráng qua {n} phong cách khác nhau. Chọn một — hai mục được đánh dấu tạo trong Fonder là công thức tự tạo bằng trình tạo công thức bên dưới, bằng chứng rằng những nút chỉnh phía trên cũng là của bạn."
scene.chip_none,No recipe,Không công thức,Không công thức
scene.caption_none,No recipe — straight off the phone,Không công thức — ảnh gốc từ điện thoại,Không công thức — ảnh gốc từ điện thoại
scene.badge_custom,built in Fonder,tạo trong Fonder,tạo trong Fonder
scene.group_aria,Choose a recipe for the scene,Chọn công thức cho khung cảnh,Chọn công thức cho khung cảnh
scene.alt,"One city frame, re-developed through the selected recipe","Một khung hình phố, được tráng lại qua công thức đang chọn","Một khung hình phố, được tráng lại qua công thức đang chọn"
build.kicker,Build your own,Tự tạo công thức,Tự tạo công thức
build.title,The same dials are on the camera,Những nút chỉnh ấy nằm ngay trên máy,Những nút chỉnh ấy cũng có ngay trong camera
build.lead,"Every setting above is a control in the app, not a preset you are locked out of. Start from any shipped recipe, turn the dials while the viewfinder answers, and save what you land on as your own — the two custom looks in the scene above were made exactly this way.","Mọi thiết lập phía trên đều là một điều khiển trong ứng dụng, không phải preset đóng kín với bạn. Bắt đầu từ bất kỳ công thức có sẵn nào, xoay các nút trong khi khung ngắm trả lời, rồi lưu điểm bạn dừng lại thành công thức của riêng mình — hai phong cách tự tạo trong khung cảnh phía trên được làm đúng theo cách này.","Mọi thiết lập phía trên đều là điều khiển thật trong ứng dụng, không phải preset khóa sẵn. Bắt đầu từ bất kỳ công thức nào, chỉnh các nút và nhìn khung ngắm thay đổi ngay theo thời gian thực, rồi lưu lại thành công thức của riêng bạn."
build.cap1,1 · Start from any film or recipe and shoot with it.,1 · Bắt đầu từ bất kỳ màu phim hay công thức nào và chụp với nó.,1 · Bắt đầu từ bất kỳ màu phim hay công thức nào và chụp với nó.
build.cap2,"2 · Dial the darkroom: tone, balance, grain, glow — live on the viewfinder.","2 · Chỉnh phòng tối: sắc độ, cân bằng trắng, hạt, quầng sáng — hiện trực tiếp trên khung ngắm.","2 · Tinh chỉnh sắc độ, cân bằng trắng, hạt và quầng sáng — thấy ngay trên khung ngắm."
build.cap3,"3 · Save it to Mine, and share it as a QR code another phone can scan.","3 · Lưu vào mục Của tôi, và chia sẻ bằng mã QR để máy khác quét.","3 · Lưu vào mục Của tôi, và chia sẻ bằng mã QR để máy khác quét."
build.mock.recipe,Recipe,Công thức,Công thức
build.mock.film,Film,Phim,Phim
build.mock.tone,Tone,Sắc độ,Sắc độ
build.mock.colour,Colour,Màu sắc,Màu sắc
build.mock.wb,White bal,CB trắng,CB trắng
build.mock.grain,Grain,Hạt phim,Hạt phim
build.mock.halation,Halation,Quầng sáng,Quầng sáng
build.mock.save,Save,Lưu,Lưu
build.mock.save_as,Save as new recipe,Lưu thành công thức mới,Lưu thành công thức mới
build.mock.name,Name,Tên,Tên
build.mock.base,Base,Gốc,Gốc
build.mock.share,Share,Chia sẻ,Chia sẻ
build.mock.share_how,By QR code,Bằng mã QR,Bằng mã QR
build.mock.yours,Toffee Neg · yours,Toffee Neg · của bạn,Toffee Neg · của bạn
build.mock.grain_v,30 · small,30 · nhỏ,30 · nhỏ
featured.kicker,Read five closely,Đọc kỹ năm cái tên,Nhìn kỹ năm lựa chọn
featured.title,Five to start with,Năm cái tên để bắt đầu,Năm lựa chọn để bắt đầu
featured.lead,"Four recipes and one of the films they stand on, read closely. Everything claimed here comes from the recipe itself — the same records the cards below are built from.","Bốn công thức và một trong những chất phim chúng đứng trên, được đọc kỹ. Mọi điều nói ở đây đều lấy từ chính công thức — cùng những bản ghi mà các thẻ bên dưới được dựng từ đó.","Bốn công thức và một màu phim nền của chúng, được nhìn kỹ hơn. Mọi mô tả ở đây đều lấy trực tiếp từ chính công thức — cùng dữ liệu dùng để tạo các thẻ bên dưới."
feature.kind_recipe,The recipe,Công thức,Công thức
feature.kind_film,The film,Chất phim,Màu phim
feature.label_best,Best for,Hợp nhất với,Hợp nhất với
feature.label_when,Try it when,Thử khi,Thử khi
feature.link_card,Its card below,Thẻ của nó bên dưới,Thẻ của nó bên dưới
feature.link_scene_render,Its scene render above,Bản tráng khung cảnh phía trên,Bản tráng khung cảnh phía trên
feature.link_scene,See it on the shared scene,Xem trên khung cảnh chung,Xem trên khung cảnh chung
feature.alt_template,A frame developed with {name},Một khung hình tráng bằng {name},Một khung hình tráng bằng {name}
look.colour,Colour,Màu sắc,Màu sắc
look.contrast,Contrast,Tương phản,Tương phản
look.grain,Grain,Hạt phim,Hạt phim
look.highlights,Highlights,Vùng sáng,Vùng sáng
look.shadows,Shadows,Vùng tối,Vùng tối
feature.ordinaryday.intro,"Diary Neg with the colour turned up and the shadows opened — the recipe for days that do not announce themselves. It makes the day a little brighter and cleaner than it felt, without turning it into a style.","Diary Neg với màu được đẩy lên và bóng tối được mở ra — công thức cho những ngày không tự báo trước. Nó làm ngày hôm ấy sáng và sạch hơn cảm giác thực một chút, mà không biến nó thành một phong cách.","Diary Neg với màu được đẩy lên và bóng tối được mở ra — công thức cho những ngày không tự báo trước. Nó làm ngày hôm ấy sáng và sạch hơn cảm giác thực một chút, mà không biến nó thành một phong cách."
feature.ordinaryday.best,"Everyday daylight — errands, tree-lined streets, the people you know. Not for moody scenes: it opens every shadow.","Ánh sáng ban ngày thường nhật — việc vặt, những con phố rợp cây, những người bạn quen. Không dành cho cảnh trầm tối: nó mở mọi vùng tối.","Ánh sáng ban ngày thường nhật — việc vặt, những con phố rợp cây, những người bạn quen. Không dành cho cảnh trầm tối: nó mở mọi vùng tối."
feature.ordinaryday.look.colour,"Greens and yellows come forward fresh and lively, reds stay a deep crimson, and a blue sky still lightens toward cyan. The whole frame sits a shade warmer, and skin keeps its own warmth.","Xanh lá và vàng tiến lên tươi tắn, đỏ giữ sắc đỏ thẫm, còn trời xanh vẫn nhạt dần về cyan. Cả khung hình ấm hơn một bậc, và da giữ đúng độ ấm của nó.","Xanh lá và vàng tiến lên tươi tắn, đỏ giữ sắc đỏ thẫm, còn trời xanh vẫn nhạt dần về cyan. Cả khung hình ấm hơn một bậc, và da giữ đúng độ ấm của nó."
feature.ordinaryday.look.contrast,"Gentle. The picture is a touch soft, with only a faint glow and the lightest darkening at the corners.","Nhẹ nhàng. Bức ảnh hơi mềm, chỉ có một quầng sáng thoảng và góc ảnh tối đi rất khẽ.","Nhẹ nhàng. Bức ảnh hơi mềm, chỉ có một quầng sáng thoảng và góc ảnh tối đi rất khẽ."
feature.ordinaryday.look.grain,None. A clean frame.,Không có. Một khung hình sạch.,Không có. Một khung hình sạch.
feature.ordinaryday.look.highlights,Left bright and clear — nothing is pulled down for mood.,Để nguyên sáng và trong — không gì bị kéo xuống để tạo không khí.,Để nguyên sáng và trong — không gì bị kéo xuống để tạo không khí.
feature.ordinaryday.look.shadows,"Opened, so the shade under trees reads as soft grey rather than black.","Được mở ra, nên bóng râm dưới tán cây đọc thành xám mềm thay vì đen.","Được mở ra, nên bóng râm dưới tán cây đọc thành xám mềm thay vì đen."
feature.ordinaryday.when,The day should look a little brighter than it felt.,Ngày hôm ấy nên trông sáng hơn cảm giác thực một chút.,Ngày hôm ấy nên trông sáng hơn cảm giác thực một chút.
feature.summer.intro,"The strong-sun chrome, built on Daylight Cine: shadows cool while highlights warm, so the two ends of the frame disagree — and a face sits protected between them.","Chất chrome cho nắng gắt, xây trên Daylight Cine: bóng tối lạnh đi trong khi vùng sáng ấm lên, nên hai đầu khung hình bất đồng — và gương mặt ngồi giữa, được bảo vệ.","Chất chrome cho nắng gắt, xây trên Daylight Cine: bóng tối lạnh đi trong khi vùng sáng ấm lên, nên hai đầu khung hình bất đồng — và gương mặt ngồi giữa, được bảo vệ."
feature.summer.best,Open midday light with a real highlight in the frame — the headroom is built for it.,Nắng trưa rộng mở với một vùng sáng thật trong khung hình — khoảng dư được làm cho đúng việc đó.,Nắng trưa rộng mở với một vùng sáng thật trong khung hình — khoảng dư được làm cho đúng việc đó.
feature.summer.look.colour,"Golden light over faintly blue-green shade; only the ends of the picture are coloured. Skin is the one thing protected — a little richer, a little brighter, eased where the light lands.","Ánh vàng phủ trên bóng râm xanh lục nhạt; chỉ hai đầu bức ảnh là có màu. Da là thứ duy nhất được bảo vệ — đậm hơn một chút, sáng hơn một chút, dịu đi nơi ánh sáng chạm vào.","Ánh vàng phủ trên bóng râm xanh lục nhạt; chỉ hai đầu bức ảnh là có màu. Da là thứ duy nhất được bảo vệ — đậm hơn một chút, sáng hơn một chút, dịu đi nơi ánh sáng chạm vào."
feature.summer.look.contrast,"Carried by temperature as much as tone: warm against cool, with the sky keeping its blue instead of bleaching out.","Được gánh bằng nhiệt độ màu nhiều ngang với tông: ấm đối lạnh, còn bầu trời giữ sắc xanh thay vì bạc trắng.","Được gánh bằng nhiệt độ màu nhiều ngang với tông: ấm đối lạnh, còn bầu trời giữ sắc xanh thay vì bạc trắng."
feature.summer.look.grain,None — the frame stays clean.,Không có — khung hình sạch.,Không có — khung hình sạch.
feature.summer.look.highlights,A white wall or a windscreen rounds off gently at its brightest edge instead of going white.,Bức tường trắng hay tấm kính xe đổ tròn dịu ở mép sáng nhất thay vì cháy trắng.,Bức tường trắng hay tấm kính xe đổ tròn dịu ở mép sáng nhất thay vì cháy trắng.
feature.summer.look.shadows,"Cool, faintly blue-green, pulling away from the warm light.","Lạnh, xanh lục nhạt, lùi khỏi vùng nắng ấm.","Lạnh, xanh lục nhạt, lùi khỏi vùng nắng ấm."
feature.summer.when,"Strong sun, and you want to keep the heat in the picture.","Nắng gắt, và bạn muốn giữ hơi nóng trong bức ảnh.","Nắng gắt, và bạn muốn giữ hơi nóng trong bức ảnh."
feature.ferry.intro,"Humid neon — the warm kind of night. The glow is let run and the edge is taken off, so the air between you and the lights is part of the picture.","Neon ẩm — kiểu đêm ấm áp. Quầng sáng được thả cho lan, độ sắc được lấy bớt, nên lớp không khí giữa bạn và những ngọn đèn cũng thành một phần bức ảnh.","Neon ẩm — kiểu đêm ấm áp. Quầng sáng được thả cho lan, độ sắc được lấy bớt, nên lớp không khí giữa bạn và những ngọn đèn cũng thành một phần bức ảnh."
feature.ferry.best,"Dense signage after dark, ideally with water or wet ground to carry the glow. A dry, clean night gives it nothing to work with.","Biển hiệu dày đặc sau khi trời tối, tốt nhất có mặt nước hay mặt đường ướt để đỡ lấy quầng sáng. Một đêm khô ráo, sạch sẽ chẳng cho nó gì để làm.","Biển hiệu dày đặc sau khi trời tối, tốt nhất có mặt nước hay mặt đường ướt để đỡ lấy quầng sáng. Một đêm khô ráo, sạch sẽ chẳng cho nó gì để làm."
feature.ferry.look.colour,"Red, magenta and cyan pushed hard while yellows are held back, so a sign separates from the street it is lighting. Faces barely move — ordinary between the signs.","Đỏ, hồng cánh sen và cyan được đẩy mạnh trong khi vàng bị ghìm lại, nên tấm biển tách khỏi con phố nó đang chiếu sáng. Gương mặt gần như không đổi — bình thường giữa những tấm biển.","Đỏ, hồng cánh sen và cyan được đẩy mạnh trong khi vàng bị ghìm lại, nên tấm biển tách khỏi con phố nó đang chiếu sáng. Gương mặt gần như không đổi — bình thường giữa những tấm biển."
feature.ferry.look.contrast,"Low and close rather than sharp: a night that is warm, not crisp.","Thấp và gần gũi thay vì sắc lạnh: một màn đêm ấm, không gắt.","Thấp và gần gũi thay vì sắc lạnh: một màn đêm ấm, không gắt."
feature.ferry.look.grain,"Coarse — 60, large. A fast-film night, worn openly.","Thô — 60, hạt lớn. Một màn đêm phim nhạy sáng, phô ra không giấu.","Thô — 60, hạt lớn. Một màn đêm phim nhạy sáng, phô ra không giấu."
feature.ferry.look.highlights,A bright source eases off early enough to keep its colour rather than burning to white.,Nguồn sáng mạnh dịu lại đủ sớm để giữ được màu thay vì cháy thành trắng.,Nguồn sáng mạnh dịu lại đủ sớm để giữ được màu thay vì cháy thành trắng.
feature.ferry.look.shadows,"Lifted rather than crushed, deepened and turned blue.","Được nâng lên thay vì nghiền đen, sâu thêm và ngả xanh.","Được nâng lên thay vì nghiền đen, sâu thêm và ngả xanh."
feature.ferry.when,The air is thick and every shop is still lit.,Không khí đặc quánh và mọi cửa tiệm vẫn sáng đèn.,Không khí đặc quánh và mọi cửa tiệm vẫn sáng đèn.
feature.lastorders.intro,"Butter Neg aimed at a face lit hard from the camera in a small room at night — the snapshot from the end of a dinner, printed the way a corner photo lab once printed it.","Butter Neg chĩa vào một gương mặt được rọi thẳng từ máy trong căn phòng nhỏ lúc đêm — tấm ảnh chụp vội cuối bữa tối, in theo cách một tiệm ảnh đầu ngõ ngày trước vẫn in.","Butter Neg chĩa vào một gương mặt được rọi thẳng từ máy trong căn phòng nhỏ lúc đêm — tấm ảnh chụp vội cuối bữa tối, in theo cách một tiệm ảnh đầu ngõ ngày trước vẫn in."
feature.lastorders.best,"People at close range after dark — a table, a bar, a friend lit by the camera's own light. It wants a face in the frame; a daylight landscape only turns yellow.","Người ở cự ly gần sau khi trời tối — bàn ăn, quầy bar, một người bạn được rọi bằng chính đèn của máy. Nó cần một gương mặt trong khung hình; phong cảnh ban ngày chỉ ngả vàng.","Người ở cự ly gần sau khi trời tối — bàn ăn, quầy bar, một người bạn được rọi bằng chính đèn của máy. Nó cần một gương mặt trong khung hình; phong cảnh ban ngày chỉ ngả vàng."
feature.lastorders.look.colour,"Everything light turns toward butter: walls, menus and a white shirt go cream, skin turns golden, reds on a sign keep their weight, and a dark jacket reads as navy.","Mọi thứ sáng đều ngả về màu bơ: tường, thực đơn và áo trắng thành kem, da chuyển vàng óng, chữ đỏ trên biển hiệu giữ nguyên sức nặng, còn chiếc áo khoác sẫm đọc thành xanh navy.","Mọi thứ sáng đều ngả về màu bơ: tường, thực đơn và áo trắng thành kem, da chuyển vàng óng, chữ đỏ trên biển hiệu giữ nguyên sức nặng, còn chiếc áo khoác sẫm đọc thành xanh navy."
feature.lastorders.look.contrast,"Soft in the middle, deep at the bottom — the corners darken the way a room falls away behind someone.","Mềm ở khoảng giữa, sâu ở đáy — góc ảnh tối dần như căn phòng lùi lại sau lưng ai đó.","Mềm ở khoảng giữa, sâu ở đáy — góc ảnh tối dần như căn phòng lùi lại sau lưng ai đó."
feature.lastorders.look.grain,None. A touch soft and free of grain.,Không có. Hơi mềm và sạch hạt.,Không có. Hơi mềm và sạch hạt.
feature.lastorders.look.highlights,The bright patch where the light lands on a cheek or a forehead is eased down rather than burnt white.,Mảng sáng nơi ánh đèn chạm vào gò má hay vầng trán được hạ dịu thay vì cháy trắng.,Mảng sáng nơi ánh đèn chạm vào gò má hay vầng trán được hạ dịu thay vì cháy trắng.
feature.lastorders.look.shadows,"Deep, with a cool edge — navy rather than brown.","Sâu, viền lạnh — navy chứ không nâu.","Sâu, viền lạnh — navy chứ không nâu."
feature.lastorders.when,One more picture before everyone goes home.,Một tấm nữa thôi rồi ai về nhà nấy.,Một tấm nữa thôi rồi ai về nhà nấy.
feature.noon.intro,"The plain reading the rest of the catalogue departs from, on Diary Neg: an honest photograph with a little more colour in it, and nothing pushed toward a mood.","Cách đọc mộc mạc mà cả danh mục còn lại rẽ đi từ đó, trên nền Diary Neg: một tấm ảnh trung thực với thêm một chút màu, và không bị đẩy về một tâm trạng nào.","Cách đọc mộc mạc mà cả danh mục còn lại rẽ đi từ đó, trên nền Diary Neg: một tấm ảnh trung thực với thêm một chút màu, và không bị đẩy về một tâm trạng nào."
feature.noon.best,"Days when the light is already right and you want the photograph, not the recipe.","Những ngày ánh sáng vốn đã đẹp và bạn muốn có tấm ảnh, chứ không phải công thức.","Những ngày ánh sáng vốn đã đẹp và bạn muốn có tấm ảnh, chứ không phải công thức."
feature.noon.look.colour,A little fuller than the scene and no further. Whites stay white.,Đậm hơn cảnh thật một chút và dừng ở đó. Màu trắng vẫn là trắng.,Đậm hơn cảnh thật một chút và dừng ở đó. Màu trắng vẫn là trắng.
feature.noon.look.contrast,Even from edge to edge: the corners stay as bright as the middle.,Đều từ mép này sang mép kia: các góc sáng ngang với phần giữa.,Đều từ mép này sang mép kia: các góc sáng ngang với phần giữa.
feature.noon.look.grain,None. A clean frame.,Không có. Khung hình sạch.,Không có. Khung hình sạch.
feature.noon.look.highlights,"Held back, so a sunlit wall keeps its surface instead of glaring.","Được ghìm lại, nên bức tường đầy nắng vẫn giữ bề mặt thay vì chói lóa.","Được ghìm lại, nên bức tường đầy nắng vẫn giữ bề mặt thay vì chói lóa."
feature.noon.look.shadows,"Left open, so shade stays readable rather than closing up.","Được để mở, nên vùng bóng râm vẫn nhìn rõ thay vì bít lại.","Được để mở, nên vùng bóng râm vẫn nhìn rõ thay vì bít lại."
feature.noon.when,The light is already doing the work.,Ánh sáng đã tự làm hết phần việc.,Ánh sáng đã tự làm hết phần việc.
feature.folio.intro,"Lost Summer Neg as an everyday summer roll: colour kept quiet and slightly faded, tones soft and even, the kind of roll that covers a whole ordinary week.","Lost Summer Neg trong vai một cuộn phim mùa hè thường ngày: màu trầm lặng và hơi phai, sắc độ mềm và đều, kiểu cuộn phim chụp trọn một tuần bình thường.","Lost Summer Neg trong vai một cuộn phim mùa hè thường ngày: màu trầm lặng và hơi phai, sắc độ mềm và đều, kiểu cuộn phim chụp trọn một tuần bình thường."
feature.folio.best,"Everyday summer days — streets, errands, trips and friends outdoors in good light. Under hard midday sun with a bright sky, raise the dynamic range to hold the brightest parts.","Những ngày hè thường nhật — đường phố, việc vặt, chuyến đi và bạn bè ngoài trời trong ánh sáng đẹp. Dưới nắng trưa gắt với bầu trời sáng, hãy tăng dải tương phản động để giữ những phần sáng nhất.","Những ngày hè thường nhật — đường phố, việc vặt, chuyến đi và bạn bè ngoài trời trong ánh sáng đẹp. Dưới nắng trưa gắt với bầu trời sáng, hãy tăng dải tương phản động để giữ những phần sáng nhất."
feature.folio.look.colour,"A clear blue sky pales almost to a soft grey, green roofs go grey-teal, a red shopfront turns toward vermilion and a pink wall toward salmon. White walls stay clean, with only a faint warmth.","Bầu trời xanh trong nhạt dần gần thành xám dịu, mái xanh lá ngả xám xanh ngọc, mặt tiền đỏ ngả đỏ son và bức tường hồng ngả màu cá hồi. Tường trắng vẫn sạch, chỉ phảng phất chút ấm.","Bầu trời xanh trong nhạt dần gần thành xám dịu, mái xanh lá ngả xám xanh ngọc, mặt tiền đỏ ngả đỏ son và bức tường hồng ngả màu cá hồi. Tường trắng vẫn sạch, chỉ phảng phất chút ấm."
feature.folio.look.contrast,"Soft and even, with edges and fine detail eased and the corners gently darkened.","Mềm và đều, đường nét và chi tiết nhỏ được làm dịu, các góc tối đi nhẹ.","Mềm và đều, đường nét và chi tiết nhỏ được làm dịu, các góc tối đi nhẹ."
feature.folio.look.grain,"Fine — 25, small. Light enough that skies and plain walls stay calm.","Mịn — 25, hạt nhỏ. Đủ nhẹ để bầu trời và những mảng tường trơn vẫn yên.","Mịn — 25, hạt nhỏ. Đủ nhẹ để bầu trời và những mảng tường trơn vẫn yên."
feature.folio.look.highlights,"Bright walls are held back from glare, with a faint glow at their edges.","Tường sáng được ghìm lại để không chói, với một quầng sáng nhẹ ở mép.","Tường sáng được ghìm lại để không chói, với một quầng sáng nhẹ ở mép."
feature.folio.look.shadows,Opened a little.,Được mở ra một chút.,Được mở ra một chút.
feature.folio.when,Nothing special is happening and you want to keep it anyway.,"Chẳng có gì đặc biệt đang diễn ra, và bạn vẫn muốn giữ lại.","Chẳng có gì đặc biệt đang diễn ra, và bạn vẫn muốn giữ lại."
feature.toffee.occasion,"For photos that feel found, not taken.","Cho những tấm ảnh như được tìm thấy, không phải được chụp.","Cho những tấm ảnh có cảm giác như được tìm thấy, hơn là được dàn dựng để chụp."
feature.toffee.intro,"Not a recipe — one of the films the recipes stand on, and the one this page's hero is developed through. It is also the roll on the homepage: loaded in Film Roll, shot blind, developed all at once.","Không phải công thức — mà là một trong những chất phim các công thức đứng trên, và là chất phim mà ảnh đầu trang này được tráng qua. Nó cũng là cuộn phim trên trang chủ: lắp vào Cuộn phim, chụp mà không xem, tráng cả cuộn một lần.","Không phải một công thức, mà là một màu phim nền để nhiều công thức khác xây lên. Đây cũng là màu phim dùng cho ảnh đầu trang và cuộn phim trên trang chủ: lắp vào Roll, chụp mà không xem lại, rồi tráng cả cuộn một lần."
feature.toffee.best,"Whole rolls. A look this settled suits shooting blind and meeting the pictures later, already warmed through.","Cả cuộn phim. Một chất màu đằm như thế hợp với việc chụp mà không xem lại, để rồi gặp những bức ảnh sau — đã ấm sẵn từ bên trong.","Cả cuộn phim. Một chất màu đằm như thế hợp với việc chụp mà không xem lại, để rồi gặp những bức ảnh sau — đã ấm sẵn từ bên trong."
feature.toffee.look.colour,"A print left on a sunny shelf for years: amber soaked into the middle, leaves gone ochre and khaki, oranges and yellows glowing like toffee. The sky does not fade to grey — it turns a dusty teal against all the warmth, and skin stays golden without going orange.","Một tấm ảnh in bỏ quên trên kệ nắng nhiều năm: hổ phách thấm vào khoảng giữa, lá ngả vàng đất và kaki, cam với vàng óng lên như kẹo bơ. Bầu trời không phai thành xám — nó chuyển xanh ngọc trầm giữa tất cả sắc ấm, còn da vẫn vàng ấm mà không ngả cam.","Một tấm ảnh in bỏ quên trên kệ nắng nhiều năm: hổ phách thấm vào khoảng giữa, lá ngả vàng đất và kaki, cam với vàng óng lên như kẹo bơ. Bầu trời không phai thành xám — nó chuyển xanh ngọc trầm giữa tất cả sắc ấm, còn da vẫn vàng ấm mà không ngả cam."
feature.toffee.look.contrast,"Soft and a little faded at the top of the frame, rich at the bottom.","Mềm và hơi phai ở phần trên khung hình, đậm đà ở phần dưới.","Mềm và hơi phai ở phần trên khung hình, đậm đà ở phần dưới."
feature.toffee.look.grain,"A recipe decision, not the film's — load it clean or dial texture in.","Là quyết định của công thức, không phải của phim — lắp vào sạch trơn hay tự chỉnh thêm hạt đều được.","Là quyết định của công thức, không phải của phim — lắp vào sạch trơn hay tự chỉnh thêm hạt đều được."
feature.toffee.look.highlights,The brightest parts settle into a warm cream instead of white.,Những phần sáng nhất lắng lại thành màu kem ấm thay vì trắng.,Những phần sáng nhất lắng lại thành màu kem ấm thay vì trắng.
feature.toffee.look.shadows,Turned a deep chocolate brown.,Chuyển nâu sô-cô-la thẫm.,Chuyển nâu sô-cô-la thẫm.
feature.toffee.when,The day already feels like a memory.,Ngày hôm ấy đã sẵn cảm giác của một ký ức.,Ngày hôm ấy đã sẵn cảm giác của một ký ức.
choose.kicker,How to choose a film,Chọn màu phim thế nào,Cách chọn màu phim
choose.title,Start from the moment,Bắt đầu từ khoảnh khắc,Bắt đầu từ khoảnh khắc
choose.moment1,"Soft daylight, everyday errands","Nắng dịu, việc vặt thường ngày","Nắng dịu, việc vặt thường ngày"
choose.moment2,Bright sun and travel,Nắng gắt và những chuyến đi,Nắng gắt và những chuyến đi
choose.moment3,Warm low light and dinners,Ánh đèn ấm và những bữa tối,Ánh đèn ấm và những bữa tối
choose.moment4,"Neon, rain and city nights","Neon, mưa và đêm phố","Neon, mưa và đêm phố"
choose.or,or,hoặc,hoặc
choose.end,There is no correct choice. The same place photographed with a different film becomes a different memory.,"Không có lựa chọn đúng. Cùng một nơi, chụp bằng một màu phim khác, sẽ thành một ký ức khác.","Không có lựa chọn đúng. Cùng một nơi, chụp bằng một màu phim khác, sẽ thành một ký ức khác."
before.kicker,Built before the shutter,Định hình trước khi bấm máy,Được định hình trước khi bấm máy
before.title,Not another edit waiting for you,Không phải một lần hậu kỳ đang chờ,Không thêm một buổi chỉnh ảnh đang chờ bạn
before.lead,"A Fonder film is more than a filter applied afterward. It decides how highlights roll off, how shadows sit and how colour behaves — in the viewfinder, before the shutter. You choose the film before taking the photo, so the visual decision becomes part of shooting, not another task waiting for you later. No preset hunting. No editing session. Just choose a film and use it.","Màu phim của Fonder không chỉ là bộ lọc phủ lên sau. Nó quyết định vùng sáng đổ xuống thế nào, vùng tối nằm ra sao và màu sắc cư xử kiểu gì — ngay trong khung ngắm, trước khi bấm máy. Bạn chọn phim trước khi chụp, nên quyết định thị giác trở thành một phần của việc chụp, không phải một việc khác đang đợi bạn về sau. Không săn preset. Không buổi hậu kỳ. Chỉ chọn một màu phim và dùng nó.","Màu phim của Fonder không chỉ là một bộ lọc phủ lên ảnh sau khi chụp. Nó quyết định cách vùng sáng, vùng tối và màu sắc phản ứng ngay trong khung ngắm, trước khi bạn bấm máy. Vì thế, lựa chọn màu phim trở thành một phần của việc chụp, chứ không phải một bước chỉnh sửa chờ bạn sau đó. Không săn preset. Không cần ngồi hậu kỳ. Chỉ chọn phim rồi chụp."
before.anatomy_line,Want to see what each setting actually does?,Muốn xem từng thiết lập thực sự làm gì?,Muốn xem từng thiết lập thực sự làm gì?
before.anatomy_link,"Every control, shown honestly →","Mọi điều khiển, được cho xem trung thực →","Mọi điều khiển, được cho xem trung thực →"
catalogue.kicker,The catalogue,Danh mục,Danh mục
catalogue.title,Every recipe that ships,Mọi công thức có trong ứng dụng,Tất cả công thức có trong Fonder
catalogue.lead,"All {n} of them — each with its film's palette line (six memory colours run through that film's own maths, the way the app draws it) and its grain, on a sample image with the recipe applied. Sample images are illustrations.","Đủ cả {n} công thức — mỗi công thức đi kèm dải màu của màu phim nền, chất hạt và một ảnh mẫu đã áp công thức. Ảnh mẫu chỉ mang tính minh họa.","Đủ cả {n} công thức — mỗi công thức đi kèm dải màu của màu phim nền, chất hạt và một ảnh mẫu đã áp công thức. Ảnh mẫu chỉ mang tính minh họa."
catalogue.card_scene,See it on the shared scene,Xem trên khung cảnh chung,Xem trên khung cảnh chung
catalogue.alt_template,Sample image developed with {name},Ảnh mẫu tráng bằng {name},Ảnh mẫu tráng bằng {name}
grain.label,Grain,Hạt phim,Hạt phim
grain.off,off,tắt,tắt
grain.small,small,nhỏ,nhỏ
grain.large,large,lớn,lớn
grain.word.zero,opens clean — grain is yours to dial,mở ra sạch trơn — hạt phim tùy bạn chỉnh,mở ra sạch trơn — hạt phim tùy bạn chỉnh
grain.word.fine,"a fine, quiet grain","hạt mịn, lặng lẽ","hạt mịn, lặng lẽ"
grain.word.light,a light grain that reads as film,"hạt nhẹ, nhìn là ra chất phim","hạt nhẹ, vừa đủ ra màu phim"
grain.word.soft_present,"a soft, present grain","hạt mềm, hiện diện","hạt mềm, hiện diện"
grain.word.present,"a present, honest grain","hạt rõ ràng, thật thà","hạt rõ ràng, thật thà"
grain.word.coarse,a coarse fast-film grain,hạt thô của phim nhạy sáng,hạt thô của phim nhạy sáng
manifesto.title,Do not look for the perfect film,Đừng đi tìm màu phim hoàn hảo,Đừng tìm một màu phim hoàn hảo
manifesto.lead,There probably is not one. Pick a film because it fits the day. Or because it does not. Use a warm film in cold weather. Use a night film at noon. The point is not to reproduce reality perfectly. It is to decide how you want to remember it.,Có lẽ chẳng có cái nào như thế. Chọn một màu phim vì nó hợp với ngày hôm ấy. Hoặc vì nó không hợp. Dùng phim ấm trong ngày trời lạnh. Dùng phim đêm giữa trưa. Mục đích không phải là tái hiện hiện thực thật chuẩn. Mà là quyết định bạn muốn nhớ về nó như thế nào.,"Có lẽ chẳng tồn tại một màu phim hoàn hảo. Chọn một màu vì nó hợp với ngày hôm đó — hoặc vì nó không hợp. Dùng màu ấm trong ngày lạnh. Dùng màu đêm giữa trưa. Mục tiêu không phải tái hiện thực tế thật hoàn hảo, mà là quyết định bạn muốn nhớ về khoảnh khắc ấy như thế nào."
cta.kicker,Load one and go,Lắp một cuộn rồi đi,Chọn một màu rồi đi thôi
cta.lead,You can read about a film for ten minutes. Or you can load one and see what happens.,Bạn có thể đọc về một màu phim trong mười phút. Hoặc lắp nó vào và xem điều gì xảy ra.,"Bạn có thể đọc về một màu phim trong mười phút. Hoặc chọn một màu, mang máy ra ngoài và xem điều gì xảy ra."
cta.button,Load this film,Lắp màu phim này,Dùng màu phim này
